,Event,Node,Target,Time
0,Add,1,,0
1,Add,9,,1
2,Add,13,,2
3,Add,22,,3
4,Add,23,,4
5,Add,27,,5
6,Add,31,,6
7,Add,37,,7
8,Add,38,,8
9,Add,47,,9
10,Add,51,,10
11,Add,84,,11
12,Add,89,,12
13,Add,90,,13
14,Add,118,,14
15,Add,126,,15
16,Add,128,,16
17,Add,7,,17
18,Add,2,,17
19,Add,35,,18
20,Add,42,,19
21,Add,55,,20
22,Add,70,,21
23,Add,71,,22
24,Add,83,,23
25,Add,88,,24
26,Add,93,,25
27,Add,95,,26
28,Add,104,,27
29,Add,108,,28
30,Add,110,,29
31,Add,113,,30
32,Add,125,,31
33,Add,127,,32
34,Add,9,,33
35,Add,43,,39
36,Add,48,,40
37,Add,66,,41
38,Add,74,,42
39,Add,96,,44
40,Add,97,,45
41,Add,121,,46
42,Add,123,,47
43,Add,5,,49
44,Add,4,,49
45,Add,16,,50
46,Add,17,,51
47,Add,29,,52
48,Add,30,,53
49,Add,32,,54
50,Add,41,,55
51,Add,53,,56
52,Add,61,,57
53,Add,64,,58
54,Add,69,,59
55,Add,78,,60
56,Add,79,,61
57,Add,107,,62
58,Add,109,,63
59,Add,122,,64
60,Add,15,,66
61,Add,28,,67
62,Add,33,,68
63,Add,39,,69
64,Add,67,,71
65,Add,87,,72
66,Add,92,,73
67,Add,100,,74
68,Add,103,,75
69,Add,105,,76
70,Add,106,,77
71,Add,111,,78
72,Add,116,,79
73,Add,117,,80
74,Add,28,,81
75,Add,34,,82
76,Add,46,,84
77,Add,85,,87
78,Add,86,,88
79,Add,98,,90
80,Add,99,,91
81,Add,101,,92
82,Add,102,,93
83,Add,8,,98
84,Add,11,,99
85,Add,36,,100
86,Add,44,,103
87,Add,45,,104
88,Add,54,,105
89,Add,75,,107
90,Add,19,,115
91,Add,40,,119
92,Add,63,,122
93,Add,76,,125
94,Add,115,,126
95,Add,94,,143
96,Add,15,,145
97,Add,20,,146
98,Add,50,,149
99,Add,62,,150
100,Add,73,,152
101,Add,80,,153
102,Add,114,,159
103,Add,14,,162
104,Add,56,,165
105,Add,57,,166
106,Add,58,,167
107,Add,59,,168
108,Add,60,,169
109,Add,119,,175
110,Add,13,,177
111,Add,18,,178
112,Add,21,,179
113,Add,49,,180
114,Add,68,,185
115,Add,72,,187
116,Add,77,,188
117,Add,82,,190
118,Add,124,,192
119,Add,112,,223
120,Add,26,,227
121,Add,65,,233
122,Add,24,,243
123,Add,25,,244
124,Add,52,,245
125,Add,81,,254
126,Add,120,,272
127,Add,91,,285
